name,gender,email
Phương Anh Bích Hợp,1,Teacher1@gmail.com
Duyên Nương Hoàng Cúc,1,Teacher2@gmail.com
Hải Sinh Hải Miên,1,Teacher3@gmail.com
Hạnh San Gia Cảnh,0,Teacher4@gmail.com
Thúy Vy Hải Thụy,0,Teacher5@gmail.com
Kiều Khanh Hải Bằng,0,Teacher6@gmail.com
Xuân Phương Ðinh Hương,1,Teacher7@gmail.com
Như Hồng Bảo Thoa,1,Teacher8@gmail.com
Phụng Yến Kim Thu,1,Teacher9@gmail.com
Diệu Hoa Mỹ Nhân,1,Teacher10@gmail.com
Trúc Ðào Thu Thuận,1,Teacher11@gmail.com
Sơn Tuyền Huân Võ,0,Teacher12@gmail.com
Việt Hương Ðình Chương,0,Teacher13@gmail.com
Thiên Nương Tiến Võ,0,Teacher14@gmail.com
Thiện Tiên Thiên Bửu,0,Teacher15@gmail.com
Kiều Nga Xuân Thiện,0,Teacher16@gmail.com
Thái Tâm Thiên Trí,0,Teacher17@gmail.com
Ái Linh Thu Huệ,1,Teacher18@gmail.com
Lệ Khanh Bảo Châu,1,Teacher19@gmail.com
Hiền Nhi Hiếu Minh,1,Teacher20@gmail.com
Hạnh My Ngọc Tú,1,Teacher21@gmail.com
Phương Diễm Thảo My,1,Teacher22@gmail.com
Minh Hạnh Công Hải,0,Teacher23@gmail.com
Mộng Thi Mỹ Tâm,1,Teacher24@gmail.com
Kim Anh Thúy Loan,1,Teacher25@gmail.com
Minh Thu Như Hảo,1,Teacher26@gmail.com
Hoài Phương Nhật Nam,0,Teacher27@gmail.com
Ngọc Ly Công Thành,0,Teacher28@gmail.com
Uyển Khanh Thanh Tịnh,0,Teacher29@gmail.com
Nhã Trang Chí Thanh,0,Teacher30@gmail.com
Liên Phương Thủy Tâm,1,Teacher31@gmail.com
Uyển My Thu Giang,1,Teacher32@gmail.com
Hương Lan Minh Lý,0,Teacher33@gmail.com
Thanh Thiên Chung Thủy,0,Teacher34@gmail.com
Đông Nghi Mai Thy,1,Teacher35@gmail.com
Như Trân Cao Phong,0,Teacher36@gmail.com
Thanh Hương Giao Hưởng,1,Teacher37@gmail.com
Thảo Nhi Hoài Giang,1,Teacher38@gmail.com
Mai Thanh Tùy Linh,1,Teacher39@gmail.com
Bích Hồng Diệu Thiện,1,Teacher40@gmail.com
Tịnh Nhi Đăng Khương,0,Teacher41@gmail.com
Lam Giang Quang Triều,0,Teacher42@gmail.com
Quế Thu Diễm Liên,1,Teacher43@gmail.com
Hương Mai Thanh Bình,1,Teacher44@gmail.com
Trúc Đào Tâm Đan,1,Teacher45@gmail.com
Việt Hương Vinh Quốc,0,Teacher46@gmail.com
Mỹ Lệ Phương Trâm,1,Teacher47@gmail.com
Quỳnh Nga Ðức Quảng,0,Teacher48@gmail.com
Hoài Thương Cẩm Yến,1,Teacher49@gmail.com
Ánh Xuân Thục Ðình,1,Teacher50@gmail.com
Ngọc Sương Hùng Ngọc,0,Teacher51@gmail.com
Gia Quỳnh Tuyền Lâm,0,Teacher52@gmail.com
Bảo Thoa Thiên Tuyền,1,Teacher53@gmail.com
Thu Minh Khắc Trọng,0,Teacher54@gmail.com
Thu Nga Thiên Thư,1,Teacher55@gmail.com
Uyên Trâm Tố Quyên,1,Teacher56@gmail.com
Mỹ Phượng Nam Việt,0,Teacher57@gmail.com
Diệu Hằng Bằng Sơn,0,Teacher58@gmail.com
Thục Trang Hảo Nhi,1,Teacher59@gmail.com
Ái Vân Thái Thảo,1,Teacher60@gmail.com
Tố Quyên Tú Ly,1,Teacher61@gmail.com
Ngọc Anh Hồng Thủy,1,Teacher62@gmail.com
Anh Hương Ðông Hải,0,Teacher63@gmail.com
Phương Lan Thanh Tịnh,0,Teacher64@gmail.com
Thụy Du Ngọc Liên,1,Teacher65@gmail.com
Duy Uyên Ðức Thọ,0,Teacher66@gmail.com
Huyền Trân Thanh Hồng,1,Teacher67@gmail.com
Sơn Ca Xuân Lâm,1,Teacher68@gmail.com
Hồng Phúc Nguyên Khang,0,Teacher69@gmail.com
Hương Ly Bạch Yến,1,Teacher70@gmail.com
Liên Chi An Nhàn,1,Teacher71@gmail.com
Khánh Mai Phương Diễm,1,Teacher72@gmail.com
Tâm Nguyệt Hồng Thu,1,Teacher73@gmail.com
Kim Thông Khôi Vĩ,0,Teacher74@gmail.com
Hiền Nhi Vĩnh Thọ,0,Teacher75@gmail.com
Bảo Châu Trung Thành,0,Teacher76@gmail.com
Xuân Uyên Quang Thiên,0,Teacher77@gmail.com
Hương Giang Minh Thắng,0,Teacher78@gmail.com
Bạch Loan Minh Tú,0,Teacher79@gmail.com
Yến Mai Thiện Phước,0,Teacher80@gmail.com
An Hằng Xuân Nam,0,Teacher81@gmail.com
Thúy Anh Thế Phương,0,Teacher82@gmail.com
Ái Thy Song Lam,1,Teacher83@gmail.com
Thanh Kiều Tâm Trang,1,Teacher84@gmail.com
Hiểu Lam Thủy Nguyệt,1,Teacher85@gmail.com
Thiên Phương Sao Băng,1,Teacher86@gmail.com
Nguyệt Hồng Bảo Thoa,1,Teacher87@gmail.com
Hoa Thiên Gia Thịnh,0,Teacher88@gmail.com
Hồng Phúc Cát Tường,1,Teacher89@gmail.com
Ngọc Lệ Bảo Thoa,1,Teacher90@gmail.com
Thùy Linh Xuân Yến,1,Teacher91@gmail.com
Mai Chi Quang Thịnh,0,Teacher92@gmail.com
Liên Trân Tiên Phương,1,Teacher93@gmail.com
Phi Nhung Thơ Thơ,1,Teacher94@gmail.com
Thảo Nhi Kim Sơn,0,Teacher95@gmail.com
Tuyết Hồng Ngọc Thạch,0,Teacher96@gmail.com
Mỹ Lan Chấn Phong,0,Teacher97@gmail.com
Lan Chi Tịnh Yên,1,Teacher98@gmail.com
Hà Mi Lương Thiện,0,Teacher99@gmail.com
Lệ Nhi Thiện Mỹ,1,Teacher100@gmail.com
Xuân Trang Minh Cảnh,0,Teacher101@gmail.com
Băng Tâm Duy Tân,0,Teacher102@gmail.com
Phương Nghi Ái Nhân,1,Teacher103@gmail.com
Thiện Mỹ Hướng Tiền,0,Teacher104@gmail.com
Diệu Ái Ngọc Hạnh,1,Teacher105@gmail.com
Ngọc Uyên Việt Tuyết,1,Teacher106@gmail.com
Vân Du Ðức Long,0,Teacher107@gmail.com
Ánh Hồng Duy Quang,0,Teacher108@gmail.com
Quế Phương Thu Huyền,1,Teacher109@gmail.com
Bích Quân Phương Quân,1,Teacher110@gmail.com
Khánh Hằng Trúc Ðào,1,Teacher111@gmail.com
Minh Minh Vĩnh Thụy,0,Teacher112@gmail.com
Duyên Mỹ Ngọc Quỳnh,1,Teacher113@gmail.com
Mai Lan Bảo Trân,1,Teacher114@gmail.com
Tường Chinh Phương Dung,1,Teacher115@gmail.com
Hải Anh Lệ Nhi,1,Teacher116@gmail.com
Trang Linh Chi Lan,1,Teacher117@gmail.com
Phương Thủy Trường Nhân,0,Teacher118@gmail.com
Hoa Lý Vạn Thông,0,Teacher119@gmail.com
Ngân Hà Nghi Xuân,1,Teacher120@gmail.com
Thúy Hương Huyền Thư,1,Teacher121@gmail.com
Diễm Quyên Mỹ Uyên,1,Teacher122@gmail.com
Mộng Thi Diễm Uyên,1,Teacher123@gmail.com
Cẩm Thúy Hồng Thụy,0,Teacher124@gmail.com
Ngọc Uyển Hưng Ðạo,0,Teacher125@gmail.com
Quỳnh Thanh Hàm Nghi,1,Teacher126@gmail.com
Hải Thanh Thanh Vân,1,Teacher127@gmail.com
Hồng Diễm Bích Chiêu,1,Teacher128@gmail.com
Huệ Hồng Liên Hương,1,Teacher129@gmail.com
Ngọc Quỳnh Quốc Hạnh,0,Teacher130@gmail.com
Bạch Quỳnh Liên Kiệt,0,Teacher131@gmail.com
Thúy Hạnh Thế Quyền,0,Teacher132@gmail.com
Mai Hương Bình Quân,0,Teacher133@gmail.com
Hồng Tâm Viết Tân,0,Teacher134@gmail.com
Hương Trà Quang Tuấn,0,Teacher135@gmail.com
Mộng Vi Diệp Vy,1,Teacher136@gmail.com
Ngọc Trâm Gia Nghị,0,Teacher137@gmail.com
Hương Trang Bảo Sơn,0,Teacher138@gmail.com
Lan Ngọc Niệm Nhiên,0,Teacher139@gmail.com
Phương Diễm Hữu Ðịnh,0,Teacher140@gmail.com
Phong Lan Trang Anh,1,Teacher141@gmail.com
Minh Thủy Hương Ly,1,Teacher142@gmail.com
Hiếu Giang Ðông Ðào,1,Teacher143@gmail.com
Kim Thoa Anh Thảo,1,Teacher144@gmail.com
Cát Tiên Thục Ðào,1,Teacher145@gmail.com
Ngọc Thy Hải Giang,0,Teacher146@gmail.com
Chi Mai Như Hoa,1,Teacher147@gmail.com
Như Bảo Bảo Lễ,1,Teacher148@gmail.com
Tiểu Quỳnh Ngân Trúc,1,Teacher149@gmail.com
Ánh Lệ Ngọc Dũng,0,Teacher150@gmail.com
Hải Thảo Thanh Thủy,1,Teacher151@gmail.com
Ánh Xuân Minh Hiếu,0,Teacher152@gmail.com
Hồng Bạch Thảo Quảng Thông,0,Teacher153@gmail.com
Yên Bằng Thái Ðức,0,Teacher154@gmail.com
Bích Quyên Phương Nghi,1,Teacher155@gmail.com
Diễm Phúc Như Loan,1,Teacher156@gmail.com
Kim Ly Duy Mạnh,0,Teacher157@gmail.com
Quỳnh Liên Tuấn Hải,0,Teacher158@gmail.com
Tú Tâm Hồ Bắc,0,Teacher159@gmail.com
Khải Hà Thái Tân,0,Teacher160@gmail.com
Việt Nga Cát Ly,1,Teacher161@gmail.com
Thanh Tuyền Trúc Chi,1,Teacher162@gmail.com
Kim Thy Tuấn Linh,0,Teacher163@gmail.com
Mộng Vân Ánh Mai,1,Teacher164@gmail.com
Kiều Thu Minh Nghĩa,0,Teacher165@gmail.com
Thanh Tuyền Xuân Hoa,1,Teacher166@gmail.com
Thanh Ngọc Hiệp Hào,0,Teacher167@gmail.com
Khánh Linh Trúc Lan,1,Teacher168@gmail.com
Kim Tuyến Thủy Trang,1,Teacher169@gmail.com
Tố Quyên Kỳ Duyên,1,Teacher170@gmail.com
Thảo Nghi Mạnh Hùng,0,Teacher171@gmail.com
Thúy Huyền Ðình Ngân,0,Teacher172@gmail.com
Kim Khánh Thanh Hảo,1,Teacher173@gmail.com
Ngọc Khanh Xuân Ngọc,1,Teacher174@gmail.com
Diễm Khuê Diệu Thúy,1,Teacher175@gmail.com
Ngọc Lan Tất Hòa,0,Teacher176@gmail.com
Diễm Hạnh Gia Huấn,0,Teacher177@gmail.com
Thanh Hiếu Phương Phi,0,Teacher178@gmail.com
Tâm Nhi Kim Thịnh,0,Teacher179@gmail.com
Lệ Chi Giang Sơn,0,Teacher180@gmail.com
Bảo Trúc Thanh Thúy,1,Teacher181@gmail.com
Như Hồng Mỹ Nga,1,Teacher182@gmail.com
Quỳnh Ngân Nam Dương,0,Teacher183@gmail.com
Thảo Hương Uyên Vi,1,Teacher184@gmail.com
Anh Thy Diễm Quyên,1,Teacher185@gmail.com
Vàng Anh Vĩnh Toàn,0,Teacher186@gmail.com
Xuân Tâm Quốc Hiển,0,Teacher187@gmail.com
Huyền Anh Việt Thanh,0,Teacher188@gmail.com
Vân Nhi Minh Triệu,0,Teacher189@gmail.com
Như Mai Huy Anh,0,Teacher190@gmail.com
Xuân Dung Sỹ Ðan,0,Teacher191@gmail.com
Kim Hoa Tuấn Hùng,0,Teacher192@gmail.com
Thuần Hậu Linh Lan,1,Teacher193@gmail.com
Tú Nguyệt Vân Linh,1,Teacher194@gmail.com
Như Quân Mộng Nhi,1,Teacher195@gmail.com
Bảo Quỳnh An Bình,1,Teacher196@gmail.com
Từ Dung Minh Huấn,0,Teacher197@gmail.com
Hải San Bình Ðạt,0,Teacher198@gmail.com
An Nhàn Bình Minh,1,Teacher199@gmail.com
Thụy Khanh Thu Trang,1,Teacher200@gmail.com
Diễm Khuê Minh Tú,0,Teacher201@gmail.com
Gia Khanh Tuyết Anh,1,Teacher202@gmail.com
Kiều Khanh Hải Quân,0,Teacher203@gmail.com
Uyển My Minh Vũ,0,Teacher204@gmail.com
Song Lam Ðình Nam,0,Teacher205@gmail.com
Thảo Vân Hoa Liên,1,Teacher206@gmail.com
Mỹ Hạnh Mỹ Tâm,1,Teacher207@gmail.com
Tuyết Thanh Bảo Quốc,0,Teacher208@gmail.com
Thanh Vân Kiều Mỹ,1,Teacher209@gmail.com
Tú Ly Minh Nhân,0,Teacher210@gmail.com
Kim Thảo Vân Du,1,Teacher211@gmail.com
Lan Nhi Yến Hồng,1,Teacher212@gmail.com
Như Hoa Tiến Võ,0,Teacher213@gmail.com
Nguyệt Hà Linh Trang,1,Teacher214@gmail.com
Quỳnh Tiên Huy Anh,0,Teacher215@gmail.com
Phương Trâm Thái Thảo,1,Teacher216@gmail.com
Bích Nga Liên Chi,1,Teacher217@gmail.com
Phương Thanh Huệ My,1,Teacher218@gmail.com
Giao Hưởng Khắc Vũ,0,Teacher219@gmail.com
Nguyệt Hà Hoàng Xuân,0,Teacher220@gmail.com
Linh Duyên Diễm Hằng,1,Teacher221@gmail.com
Mỹ Duyên Hồng Châu,1,Teacher222@gmail.com
Diễm Khuê Nhân Sâm,0,Teacher223@gmail.com
Tú Nguyệt Bích Duyên,1,Teacher224@gmail.com
Thiên Nương Nhật Lan,1,Teacher225@gmail.com
Ý Nhi Ðức Bảo,0,Teacher226@gmail.com
Tố Tâm Ngọc Hải,0,Teacher227@gmail.com
Nguyệt Hồng Phương Ngọc,1,Teacher228@gmail.com
Ngọc Uyển Thái Ðức,0,Teacher229@gmail.com
Mỹ Khuyên Tiền Giang,0,Teacher230@gmail.com
Huyền Thoại Hữu Nam,0,Teacher231@gmail.com
Thanh Giang Thục Tâm,1,Teacher232@gmail.com
Đinh Hương Khả Khanh,1,Teacher233@gmail.com
Hạ Vy Ðại Dương,0,Teacher234@gmail.com
Lam Ngọc Phương Hiền,1,Teacher235@gmail.com
Phương Quỳnh Liễu Oanh,1,Teacher236@gmail.com
Dạ Hương Thùy Anh,1,Teacher237@gmail.com
Duy Uyên Cát Tường,0,Teacher238@gmail.com
Dạ Yến Phi Cường,0,Teacher239@gmail.com
Diệp Vy Nam Dương,0,Teacher240@gmail.com
Ngọc Uyển Chấn Hùng,0,Teacher241@gmail.com
Mai Ly Quốc Thịnh,0,Teacher242@gmail.com
Nguyệt Uyển Xuân Dung,1,Teacher243@gmail.com
Thu Phong Huy Tường,0,Teacher244@gmail.com
Thu Huệ Hạ Giang,1,Teacher245@gmail.com
Khánh Vi Khúc Lan,1,Teacher246@gmail.com
Hồng Phương Đông Vy,1,Teacher247@gmail.com
Ái Vân Trường Long,0,Teacher248@gmail.com
Ngọc Hoa Bình Nguyên,0,Teacher249@gmail.com
Nguyên Hồng Việt Khang,0,Teacher250@gmail.com
Lê Quỳnh Ngọc San,1,Teacher251@gmail.com
Mỹ Phụng Hồ Nam,0,Teacher252@gmail.com
Nhã Uyên Quốc Hải,0,Teacher253@gmail.com
Vân Nhi Kiều Giang,1,Teacher254@gmail.com
Thanh Tâm Ðức Khang,0,Teacher255@gmail.com
Như Hoa Quang Hải,0,Teacher256@gmail.com
Hương Lâm Thanh Minh,0,Teacher257@gmail.com
An Hạ Xuân Hoa,1,Teacher258@gmail.com
Minh Hà Trọng Tường,0,Teacher259@gmail.com
Ngọc Oanh Ngọc Quỳnh,1,Teacher260@gmail.com
Thủy Trang Kim Liên,1,Teacher261@gmail.com
Thái Tâm Ngọc Lân,0,Teacher262@gmail.com
Quỳnh Dung Bình An,0,Teacher263@gmail.com
Khánh Hà Thái Minh,0,Teacher264@gmail.com
Xuân Phương Việt Yến,1,Teacher265@gmail.com
Bích Duyên Lập Thành,0,Teacher266@gmail.com
Anh Phương Gia Nghị,0,Teacher267@gmail.com
Ban Mai Hòa Thái,0,Teacher268@gmail.com
Ngọc Hân Anh Quân,0,Teacher269@gmail.com
Phương Anh Văn Minh,0,Teacher270@gmail.com
An Nhàn Hà Giang,1,Teacher271@gmail.com
Diễm Quyên Ngọc Ly,1,Teacher272@gmail.com
Thu Yến Diệu Nga,1,Teacher273@gmail.com
Yên Mai Mộng Hoa,1,Teacher274@gmail.com
Oanh Vũ Bích Hảo,1,Teacher275@gmail.com
Bội Linh Xuân Vân,1,Teacher276@gmail.com
Khiết Tâm Anh Ðào,1,Teacher277@gmail.com
Bích Ty Minh Thông,0,Teacher278@gmail.com
Đông Vy Hữu Nghĩa,0,Teacher279@gmail.com
Mai Linh Thùy Anh,1,Teacher280@gmail.com
Thanh Nguyên Mạnh Trình,0,Teacher281@gmail.com
Ðông Nghi Thu Mai,1,Teacher282@gmail.com
Mộng Nguyệt Linh Lan,1,Teacher283@gmail.com
Ngọc Huệ Xuân Vân,1,Teacher284@gmail.com
Kỳ Diệu Thương Nga,1,Teacher285@gmail.com
Phượng Loan Tuyết Hương,1,Teacher286@gmail.com
Ban Mai Ngọc Khương,0,Teacher287@gmail.com
Hải Sinh Gia Hùng,0,Teacher288@gmail.com
Hồng Nhạn Thủy Hằng,1,Teacher289@gmail.com
Hải Yến Ðức Hải,0,Teacher290@gmail.com
Mộng Nhi Trường Nam,0,Teacher291@gmail.com
Uyên Nhi Mỹ Huyền,1,Teacher292@gmail.com
Mỹ Hiệp Quốc Vinh,0,Teacher293@gmail.com
Hồng Thư Thành Khiêm,0,Teacher294@gmail.com
Cẩm Linh Huy Tuấn,0,Teacher295@gmail.com
Tuyết Tâm Hoa Thiên,1,Teacher296@gmail.com
Thu Minh Ngọc Cảnh,0,Teacher297@gmail.com
Đinh Hương Đăng Khương,0,Teacher298@gmail.com
Thường Xuân Công Lộc,0,Teacher299@gmail.com
Thiên Hà Hoàn Châu,1,Teacher300@gmail.com
Minh Huyền Ðông Nguyên,0,Teacher301@gmail.com
Ngọc Khánh Kiều Nương,1,Teacher302@gmail.com
Như Hoa Phúc Sinh,0,Teacher303@gmail.com
Hạ Tiên Bình Thuận,0,Teacher304@gmail.com
Hồng Ngân Khắc Minh,0,Teacher305@gmail.com
Vân Linh Huyền Nhi,1,Teacher306@gmail.com
Bảo Bình Nghị Quyền,0,Teacher307@gmail.com
Phương Ngọc Trung Anh,0,Teacher308@gmail.com
Như Trân Nhật Minh,0,Teacher309@gmail.com
Diệu Hạnh Nhân Văn,0,Teacher310@gmail.com
Hạ Vy Ðình Hợp,0,Teacher311@gmail.com
Cam Thảo Hoài Trang,1,Teacher312@gmail.com
Hải Sinh Thiện Ân,0,Teacher313@gmail.com
Yến Trâm Gia Bình,0,Teacher314@gmail.com
Kim Tuyết Nguyên Giáp,0,Teacher315@gmail.com
Uyên Nhi Tấn Dũng,0,Teacher316@gmail.com
Ngọc Liên Thảo Vân,1,Teacher317@gmail.com
Huyền Trân Quỳnh Liên,1,Teacher318@gmail.com
Mai Ly Hữu Cường,0,Teacher319@gmail.com
Hằng Nga Thùy Giang,1,Teacher320@gmail.com
Nhã Trang Minh Hiếu,0,Teacher321@gmail.com
Anh Thảo Ngọc Thơ,1,Teacher322@gmail.com
Ý Lan Huy Kha,0,Teacher323@gmail.com
Thanh Loan Cẩm Nhung,1,Teacher324@gmail.com
Thiên Duyên Phương Tâm,1,Teacher325@gmail.com
Ban Mai Kỳ Diệu,1,Teacher326@gmail.com
Phụng Yến Quang Anh,0,Teacher327@gmail.com
Bích Huệ Quang Trung,0,Teacher328@gmail.com
Nhã Mai Gia Huấn,0,Teacher329@gmail.com
Kỳ Diệu Minh Dân,0,Teacher330@gmail.com
Phương An Xuân Nhiên,1,Teacher331@gmail.com
Phương Nghi Gia Kiệt,0,Teacher332@gmail.com
Bích Vân Phi Hải,0,Teacher333@gmail.com
Diễm Hạnh Việt Cương,0,Teacher334@gmail.com
Bích Lam Mỹ Nhi,1,Teacher335@gmail.com
Tịnh Lâm Khắc Thành,0,Teacher336@gmail.com
Thái Chi Bạch Yến,1,Teacher337@gmail.com
Uyển Nhã Vân Thường,1,Teacher338@gmail.com
Ly Châu Hải Phong,0,Teacher339@gmail.com
Bích Vân Tuyết Lâm,1,Teacher340@gmail.com
Giang Thanh Diệu Ngà,1,Teacher341@gmail.com
Huệ Ân Đăng Khương,0,Teacher342@gmail.com
Chiêu Dương Hòa Lạc,0,Teacher343@gmail.com
Tuyết Nhi Kim Sơn,0,Teacher344@gmail.com
Tuyết Anh Thiện Ðức,0,Teacher345@gmail.com
Nguyên Thảo Nguyên Thảo,1,Teacher346@gmail.com
Tâm Khanh Tú Nguyệt,1,Teacher347@gmail.com
Thúy My Thanh Ðoàn,0,Teacher348@gmail.com
Bích Quyên Phúc Ðiền,0,Teacher349@gmail.com
Thanh Hảo Xuân Bình,0,Teacher350@gmail.com
Yên Mai Tường Minh,0,Teacher351@gmail.com
Bảo Hà Uyên Thi,1,Teacher352@gmail.com
Mộng Hoa Phước Thiện,0,Teacher353@gmail.com
Ngọc Ðiệp Tuấn Hải,0,Teacher354@gmail.com
Bạch Yến Thiện Khiêm,0,Teacher355@gmail.com
Duyên Mỹ Hải Dương,1,Teacher356@gmail.com
Dạ Lan Như Phương,1,Teacher357@gmail.com
Hồng Anh Thụy Miên,0,Teacher358@gmail.com
Duyên Hồng Thế Doanh,0,Teacher359@gmail.com
Thiên Nga Hữu Toàn,0,Teacher360@gmail.com
Thụy Khanh Thuần Hậu,1,Teacher361@gmail.com
Hồng Châu Minh Duyên,1,Teacher362@gmail.com
Thanh Hạnh Thành Trung,0,Teacher363@gmail.com
Thu Nga Bích Ðào,1,Teacher364@gmail.com
Kiều Minh Xuân Quý,0,Teacher365@gmail.com
Kim Lan Bảo Tín,0,Teacher366@gmail.com
Nhật Lệ Minh Hương,1,Teacher367@gmail.com
Ngọc Hoa Anh Quốc,0,Teacher368@gmail.com
Khánh Vy Việt Hoàng,0,Teacher369@gmail.com
Thủy Quỳnh Diệu Hương,1,Teacher370@gmail.com
Minh Hồng Hồng Ðăng,0,Teacher371@gmail.com
Mỹ Loan Bảo Huệ,1,Teacher372@gmail.com
Thu Phương Anh Chi,1,Teacher373@gmail.com
Thu Vọng Thiên Hà,1,Teacher374@gmail.com
Hải Ngân Bích Trâm,1,Teacher375@gmail.com
Diệp Anh Quốc Bình,0,Teacher376@gmail.com
Mai Liên Thanh Hồng,1,Teacher377@gmail.com
Ý Nhi Minh Nghĩa,0,Teacher378@gmail.com
Mỹ Dung Thanh Lan,1,Teacher379@gmail.com
Nhã Khanh Kim Phú,0,Teacher380@gmail.com
Kim Cương Mạnh Tuấn,0,Teacher381@gmail.com
Yến Trinh Gia Hùng,0,Teacher382@gmail.com
Ái Nhi Khánh Thủy,1,Teacher383@gmail.com
Như Ý Hữu Trí,0,Teacher384@gmail.com
Minh Tuyết Việt Chính,0,Teacher385@gmail.com
Trúc Phương Tuyết Nhung,1,Teacher386@gmail.com
Diên Vỹ Tố Nhi,1,Teacher387@gmail.com
Bảo Vy Khánh Văn,0,Teacher388@gmail.com
Tường Vi Gia Kiên,0,Teacher389@gmail.com
Thảo Quyên Bạch Vân,1,Teacher390@gmail.com
Ngọc Oanh Viết Sơn,0,Teacher391@gmail.com
Hiếu Minh Hữu Hoàng,0,Teacher392@gmail.com
Việt Khuê Bình Dương,0,Teacher393@gmail.com
Xuân Lâm Diễm Thúy,1,Teacher394@gmail.com
An Khê Thu Phong,1,Teacher395@gmail.com
Bảo Trâm Bích Ty,1,Teacher396@gmail.com
Như Bảo Thu Duyên,1,Teacher397@gmail.com
Quỳnh Nhung Thiên Thư,1,Teacher398@gmail.com
Mai Quyên Thủy Hằng,1,Teacher399@gmail.com
Huệ Hương Tịnh Nhi,1,Teacher400@gmail.com
Sơn Tuyền Thông Ðạt,0,Teacher401@gmail.com
Hoàng Mai Lan Nhi,1,Teacher402@gmail.com
Thái Lan Thanh Tâm,1,Teacher403@gmail.com
Lệ Băng Thượng Thuật,0,Teacher404@gmail.com
Thu Thuận Khúc Lan,1,Teacher405@gmail.com
Ngọc Hoan Quảng Ðạt,0,Teacher406@gmail.com
Liên Phương Kiều Nương,1,Teacher407@gmail.com
Ngọc Phụng Phượng Bích,1,Teacher408@gmail.com
Cẩm Linh Bình Nguyên,0,Teacher409@gmail.com
Kiết Hồng Ðức Khiêm,0,Teacher410@gmail.com
Ánh Trang Minh Vương,0,Teacher411@gmail.com
An Nhiên Nam Phi,0,Teacher412@gmail.com
Thương Nga Minh Khiếu,0,Teacher413@gmail.com
Oanh Thơ Thiên Hà,1,Teacher414@gmail.com
Huệ Hồng Tiến Ðức,0,Teacher415@gmail.com
Tố Tâm Uyên Thi,1,Teacher416@gmail.com
Song Oanh Chí Nam,0,Teacher417@gmail.com
Bảo Vân Xuân Phương,1,Teacher418@gmail.com
Kiều Loan Bích Hải,1,Teacher419@gmail.com
Trang Ðài Sơn Hà,0,Teacher420@gmail.com
Thư Sương Ánh Xuân,1,Teacher421@gmail.com
Thùy Anh Kim Lan,1,Teacher422@gmail.com
Kim Khuyên Đức Hạnh,1,Teacher423@gmail.com
Kim Khanh Mai Thanh,1,Teacher424@gmail.com
Nguyệt Cát Thanh Loan,1,Teacher425@gmail.com
Hoa Tiên Tuấn Khải,0,Teacher426@gmail.com
Thùy Linh Kim Thông,0,Teacher427@gmail.com
Bình Yên Ðăng Khoa,0,Teacher428@gmail.com
Trang Nhã Thục Trang,1,Teacher429@gmail.com
Minh Phượng Thi Xuân,1,Teacher430@gmail.com
Khả Khanh Thụy Trâm,1,Teacher431@gmail.com
Hạnh Phương Diễm Chi,1,Teacher432@gmail.com
Lệ Thanh Lương Quyền,0,Teacher433@gmail.com
Tiểu Quỳnh Xuân Uyên,1,Teacher434@gmail.com
Nhã Sương Thùy Linh,1,Teacher435@gmail.com
Tùng Quân Liễu Oanh,1,Teacher436@gmail.com
Mỹ Phụng Quốc Việt,0,Teacher437@gmail.com
Lan Vy Nhật Ánh,1,Teacher438@gmail.com
Hương Trà Huệ Lâm,1,Teacher439@gmail.com
Hương Tiên Dạ Hương,1,Teacher440@gmail.com
Hoa Tranh Thanh Toàn,0,Teacher441@gmail.com
Diệu Hồng Mộng Long,0,Teacher442@gmail.com
Thanh Nhung Phước Nguyên,0,Teacher443@gmail.com
Bích Hợp Huy Khiêm,0,Teacher444@gmail.com
Ánh Mai Ðăng Ðạt,0,Teacher445@gmail.com
Đông Nghi Thạch Thảo,1,Teacher446@gmail.com
Ngọc Phụng Nhật Nam,0,Teacher447@gmail.com
Minh Thương Ái Nhân,1,Teacher448@gmail.com
Hằng Anh Hồng Diễm,1,Teacher449@gmail.com
Quỳnh Hương Bảo Hiển,0,Teacher450@gmail.com
Hiểu Vân Hiếu Minh,1,Teacher451@gmail.com
Diễm Trang Việt Long,0,Teacher452@gmail.com
Huệ Thương Quốc Mạnh,0,Teacher453@gmail.com
Diệu Loan Mai Khôi,1,Teacher454@gmail.com
Thiên Tuyền Hoàng Nguyên,1,Teacher455@gmail.com
Diệu Hiền Bảo Ðịnh,0,Teacher456@gmail.com
Việt Yến Phượng Vũ,1,Teacher457@gmail.com
Ðông Nhi Hồng Anh,1,Teacher458@gmail.com
Huyền Trâm Thanh Trung,0,Teacher459@gmail.com
Lộc Uyển Vân Trang,1,Teacher460@gmail.com
Hồng Ngân Thu Phương,1,Teacher461@gmail.com
Hạ Vy Bình Ðạt,0,Teacher462@gmail.com
Ngân Hà Ðình Cường,0,Teacher463@gmail.com
Diệu Hoa Mỹ Dung,1,Teacher464@gmail.com
Kiều Giang Dũng Trí,0,Teacher465@gmail.com
Thúy Minh Bảo Long,0,Teacher466@gmail.com
Giao Linh Triều Thanh,1,Teacher467@gmail.com
Tuyết Băng Danh Nhân,0,Teacher468@gmail.com
Yến Thanh Kim Khanh,1,Teacher469@gmail.com
Lam Tuyền Trung Hiếu,0,Teacher470@gmail.com
Hồ Diệp Bích Nhã,0,Teacher471@gmail.com
Thúy Loan Phương Chi,1,Teacher472@gmail.com
Thu Hằng Sao Mai,1,Teacher473@gmail.com
Thụy Du Tuyết Loan,1,Teacher474@gmail.com
Khánh Ngân Thành Ðạt,0,Teacher475@gmail.com
Tuyết Lâm Chí Dũng,0,Teacher476@gmail.com
Mỹ Anh Ngọc Ðoàn,0,Teacher477@gmail.com
Bích Như Xuân Trang,1,Teacher478@gmail.com
Mỹ Huyền Chấn Hưng,0,Teacher479@gmail.com
Túy Loan Phi Nhung,1,Teacher480@gmail.com
Nhã Uyên Phú Hưng,0,Teacher481@gmail.com
Nhã Lý Trang Ðài,1,Teacher482@gmail.com
Phương Thủy Kiến Bình,0,Teacher483@gmail.com
Linh San Hiếu Dụng,0,Teacher484@gmail.com
Bích Hạnh Yến Trang,1,Teacher485@gmail.com
Phượng Uyên Chấn Hùng,0,Teacher486@gmail.com
Diễm Khuê Hải Thụy,0,Teacher487@gmail.com
Sông Hương Ngọc Ẩn,0,Teacher488@gmail.com
Huệ Phương Huân Võ,0,Teacher489@gmail.com
Thảo Uyên Anh Thảo,1,Teacher490@gmail.com
Minh Tuệ Phương Ngọc,1,Teacher491@gmail.com
Tâm Hạnh Nhật Huy,0,Teacher492@gmail.com
Thủy Linh Tùng Lâm,0,Teacher493@gmail.com
Mai Khanh Hữu Tài,0,Teacher494@gmail.com
Thu Duyên Hữu Hoàng,0,Teacher495@gmail.com
Minh An Thùy Uyên,1,Teacher496@gmail.com
Dạ Hương Hữu Hùng,0,Teacher497@gmail.com
Thanh Bình Minh Giang,0,Teacher498@gmail.com
Phi Nhung Công Lập,0,Teacher499@gmail.com
Nguyệt Minh Anh Phương,1,Teacher500@gmail.com
Thiên Mai Quang Ðức,0,Teacher501@gmail.com
Tâm Ðoan Vy Lan,1,Teacher502@gmail.com
Minh Thư Quang Lâm,0,Teacher503@gmail.com
Xuân Phương Hồng Ðăng,0,Teacher504@gmail.com
Ngọc Huyền Phượng Uyên,1,Teacher505@gmail.com
Thanh Thu Hoài Thương,1,Teacher506@gmail.com
Nhã Trúc Lan Ngọc,1,Teacher507@gmail.com
Phương Hạnh Bá Kỳ,0,Teacher508@gmail.com
Kim Thủy Hương Nhi,1,Teacher509@gmail.com
Phương Giang Nhật Quân,0,Teacher510@gmail.com
Khúc Lan Diệu Huyền,1,Teacher511@gmail.com
Khánh Chi Minh Kỳ,0,Teacher512@gmail.com
Thiên Thêu Kiều Trang,1,Teacher513@gmail.com
Thanh Huyền Thanh Sơn,0,Teacher514@gmail.com
Hồng Thư Quang Sáng,0,Teacher515@gmail.com
Diệp Anh Hạc Cúc,1,Teacher516@gmail.com
Mỹ Huệ Hương Lan,1,Teacher517@gmail.com
Nguyệt Cát Hoài Giang,1,Teacher518@gmail.com
Lệ Khanh Thảo Ly,1,Teacher519@gmail.com
Hải Thụy Gia Kiên,0,Teacher520@gmail.com
Xuân Vân Phi Hoàng,0,Teacher521@gmail.com
Như Tâm Quang Hùng,0,Teacher522@gmail.com
Huyền Trân Gia Uy,0,Teacher523@gmail.com
Diệu Thiện Phước Bình,1,Teacher524@gmail.com
Thảo Mai Diễm Chi,1,Teacher525@gmail.com
Xuân Liễu Duy Khánh,0,Teacher526@gmail.com
Hà Thanh Trúc Quân,1,Teacher527@gmail.com
Uyển Khanh Nguyên Khang,0,Teacher528@gmail.com
Huệ Hương Như Loan,1,Teacher529@gmail.com
Ngọc Huyền Khánh Huy,0,Teacher530@gmail.com
Hoài Thương Hồng Thúy,1,Teacher531@gmail.com
Thu Hậu Vương Triều,0,Teacher532@gmail.com
Nguyết Ánh Cát Tường,0,Teacher533@gmail.com
Thiên Kim Bửu Chưởng,0,Teacher534@gmail.com
Phương Quân Duy Uyên,1,Teacher535@gmail.com
Khánh Linh Lệ Thu,1,Teacher536@gmail.com
Huệ Hồng Tuấn Hải,0,Teacher537@gmail.com
Kiều Trinh Hùng Cường,0,Teacher538@gmail.com
Bích Ðào Mỹ Huệ,1,Teacher539@gmail.com
Tuyết Hương Hoàng Việt,0,Teacher540@gmail.com
Minh Tuệ Minh Khuê,1,Teacher541@gmail.com
Ngọc Oanh Minh Khai,1,Teacher542@gmail.com
Linh Chi Quốc Tiến,0,Teacher543@gmail.com
Thiên Duyên Hữu Phước,0,Teacher544@gmail.com
Thi Ngôn Trí Hùng,0,Teacher545@gmail.com
Việt Hà Nhất Tiến,0,Teacher546@gmail.com
Mộng Vân Khuyến Học,0,Teacher547@gmail.com
Yến Nhi Kim Thông,1,Teacher548@gmail.com
Minh Hạnh Thúy Hiền,1,Teacher549@gmail.com
Thu Giang Thái Tân,0,Teacher550@gmail.com
Hoài Phương Hồng Thắm,1,Teacher551@gmail.com
Kim Xuyến Ðức Ân,0,Teacher552@gmail.com
Thủy Linh Phi Phượng,1,Teacher553@gmail.com
Ngọc Lệ Hữu Nam,0,Teacher554@gmail.com
Bích Trang Mai Hạ,1,Teacher555@gmail.com
Sương Sương Tuyết Hồng,1,Teacher556@gmail.com
Hải Phượng Ðình Kim,0,Teacher557@gmail.com
Diệu Linh Đoan Trang,1,Teacher558@gmail.com
Diệu Hạnh Phương Trinh,1,Teacher559@gmail.com
Thúy Ngọc Hòa Lạc,0,Teacher560@gmail.com
Thu Minh Minh Như,1,Teacher561@gmail.com
Kim Oanh Anh Minh,0,Teacher562@gmail.com
Thiều Ly Minh Nghĩa,0,Teacher563@gmail.com
Yến My Hồng Thảo,1,Teacher564@gmail.com
Tuyết Anh An Cơ,0,Teacher565@gmail.com
Hải Miên Tố Tâm,1,Teacher566@gmail.com
Cẩm Thúy Hữu Thống,0,Teacher567@gmail.com
Đông Nghi Phương Lan,1,Teacher568@gmail.com
Bích Trang Hữu Khanh,0,Teacher569@gmail.com
Mai Chi Hoàng Giang,0,Teacher570@gmail.com
Phương Mai Thúy Ngọc,1,Teacher571@gmail.com
Quế Anh Công Hậu,0,Teacher572@gmail.com
Băng Tâm Vạn Hạnh,0,Teacher573@gmail.com
Thiên Nương Trí Hào,0,Teacher574@gmail.com
Kiều Mai Ðức Chính,0,Teacher575@gmail.com
Hiền Hòa Mỹ Nga,1,Teacher576@gmail.com
Anh Thảo Nhật Dũng,0,Teacher577@gmail.com
Mộng Hoa Huệ Lâm,1,Teacher578@gmail.com
Phi Khanh Tường Lĩnh,0,Teacher579@gmail.com
Quỳnh Hương Thiện Minh,0,Teacher580@gmail.com
Kim Cương Bích Hạnh,1,Teacher581@gmail.com
Giao Kiều Minh Khôi,0,Teacher582@gmail.com
Nghi Dung Phi Cường,0,Teacher583@gmail.com
Lan Thương Ðức Ân,0,Teacher584@gmail.com
Ngọc Dung Hiền Mai,1,Teacher585@gmail.com
Diệp Vy Vĩnh Thọ,0,Teacher586@gmail.com
Như Ý Thiện Lương,0,Teacher587@gmail.com
Khánh Hằng Minh Thuận,0,Teacher588@gmail.com
Minh Hương Mỹ Xuân,1,Teacher589@gmail.com
Anh Thy Hoạ Mi,1,Teacher590@gmail.com
Linh Châu Ðan Thu,1,Teacher591@gmail.com
Bảo Quyên Đoan Thanh,1,Teacher592@gmail.com
Ðan Thu Minh Thảo,1,Teacher593@gmail.com
Thùy My Trọng Việt,0,Teacher594@gmail.com
Diễm Liên Hồ Diệp,1,Teacher595@gmail.com
Anh Hương Ðình Chương,0,Teacher596@gmail.com
Kiều Nương Hoài Hương,1,Teacher597@gmail.com
Tâm Hạnh Anh Duy,0,Teacher598@gmail.com
Thanh Tuyền Bình Dân,0,Teacher599@gmail.com
Từ Dung Khánh Hải,0,Teacher600@gmail.com
Xuyến Chi Hồng Ngọc,1,Teacher601@gmail.com
Oanh Thơ Anh Tú,0,Teacher602@gmail.com
Hải Phượng Hoài Việt,0,Teacher603@gmail.com
Kim Ly Cát Tường,1,Teacher604@gmail.com
Thanh Tuyền Duy Tân,0,Teacher605@gmail.com
Khánh Ngọc Bá Thúc,0,Teacher606@gmail.com
Phước Huệ Thanh Tuấn,0,Teacher607@gmail.com
Cẩm Nhi Kim Cương,1,Teacher608@gmail.com
Bích Thảo Nguyên Văn,0,Teacher609@gmail.com
Khánh Vân Trí Liên,0,Teacher610@gmail.com
Thảo Uyên Khải Ca,1,Teacher611@gmail.com
Anh Thi Mỹ Phương,1,Teacher612@gmail.com
Thúy Vi Mai Vy,1,Teacher613@gmail.com
Thanh Đan Quốc Thiện,0,Teacher614@gmail.com
Hoàng Miên Minh Tuệ,1,Teacher615@gmail.com
Thy Trúc An Cơ,0,Teacher616@gmail.com
Huệ Linh Nhật Hoàng,0,Teacher617@gmail.com
Hải Phương Trọng Nghĩa,0,Teacher618@gmail.com
Thi Ngôn Khắc Ninh,0,Teacher619@gmail.com
Thanh Lan Ngọc Trụ,0,Teacher620@gmail.com
Hồng Nhung Thu Sương,1,Teacher621@gmail.com
Kim Sa Song Thư,1,Teacher622@gmail.com
Minh Hương Trí Dũng,0,Teacher623@gmail.com
Hoài Giang Ngọc Loan,1,Teacher624@gmail.com
Bạch Quỳnh Quốc Hùng,0,Teacher625@gmail.com
Nhã Khanh Thúy Hiền,1,Teacher626@gmail.com
Cẩm Hường Tịnh Tâm,1,Teacher627@gmail.com
Thúy Vi Nhật Hồng,0,Teacher628@gmail.com
Kiều Minh Minh Xuân,1,Teacher629@gmail.com
Kiều Nga Phúc Duy,0,Teacher630@gmail.com
Thủy Hồng Thy Trúc,1,Teacher631@gmail.com
Tâm Ðoan Quỳnh Dao,1,Teacher632@gmail.com
Thơ Thơ Gia Cần,0,Teacher633@gmail.com
Thanh Hằng Duy Tiếp,0,Teacher634@gmail.com
Ánh Hoa Huyền Thư,1,Teacher635@gmail.com
Thiều Ly Khánh Hoàn,0,Teacher636@gmail.com
Nguyệt Minh Ðức Bảo,0,Teacher637@gmail.com
Phương Trinh Hoàng Khôi,0,Teacher638@gmail.com
Thảo Tiên Bạch Vân,1,Teacher639@gmail.com
Thu Trang Duy Uyên,1,Teacher640@gmail.com
Sơn Ca Mai Châu,1,Teacher641@gmail.com
Dạ Nguyệt Mộng Nguyệt,1,Teacher642@gmail.com
Tâm Đan Bình An,0,Teacher643@gmail.com
Kim Xuyến Tâm Nguyệt,1,Teacher644@gmail.com
Túy Loan Xuân Sơn,0,Teacher645@gmail.com
Xuân Hoa Thiên Phú,0,Teacher646@gmail.com
Hồng Ðiệp Giang Sơn,0,Teacher647@gmail.com
Nhã Ý Bá Trúc,0,Teacher648@gmail.com
Hàm Ý Hoài Vỹ,1,Teacher649@gmail.com
Bạch Yến Anh Tú,0,Teacher650@gmail.com
Hương Thảo Xuân Quân,0,Teacher651@gmail.com
Diệu Nương Trung Hải,0,Teacher652@gmail.com
Minh Vy Kiều Giang,1,Teacher653@gmail.com
Việt Nga Khánh Hòa,0,Teacher654@gmail.com
Bảo Anh Minh Thư,1,Teacher655@gmail.com
Xuân Thanh Hữu Cương,0,Teacher656@gmail.com
Vân Anh Lâm Dũng,0,Teacher657@gmail.com
Hải My Hiếu Liêm,0,Teacher658@gmail.com
Thu Nguyệt Tường Vân,1,Teacher659@gmail.com
Minh Phượng Vinh Diệu,0,Teacher660@gmail.com
Thúy Minh Hương Lâm,1,Teacher661@gmail.com
Xuân Yến Xuân Quân,0,Teacher662@gmail.com
Kỳ Duyên Thiếu Cường,0,Teacher663@gmail.com
Mộng Tuyền Hồng Thúy,1,Teacher664@gmail.com
Nguyệt Uyển Tích Ðức,0,Teacher665@gmail.com
Hải Anh Bá Thúc,0,Teacher666@gmail.com
Thu Hằng Sỹ Ðan,0,Teacher667@gmail.com
Minh Khai Anh Hương,1,Teacher668@gmail.com
Thiếu Mai Quốc Hạnh,0,Teacher669@gmail.com
Thảo Nghi Ðức Bình,0,Teacher670@gmail.com
Hoàn Châu Quỳnh Phương,1,Teacher671@gmail.com
Minh Hằng Thường Kiệt,0,Teacher672@gmail.com
Vân Phi Thúy Huyền,1,Teacher673@gmail.com
Lệ Hoa Bích Liên,1,Teacher674@gmail.com
Mỹ Xuân Hoàng Dũng,0,Teacher675@gmail.com
Hoạ Mi Tân Ðịnh,0,Teacher676@gmail.com
Kiều Trinh Nhân Nguyên,0,Teacher677@gmail.com
Hạnh My Hồng Đăng,1,Teacher678@gmail.com
Xuân Hoa Gia Kiệt,0,Teacher679@gmail.com
Hoài Hương Như Trân,1,Teacher680@gmail.com
Hồng Hoa Thế Quyền,0,Teacher681@gmail.com
Như Ý Sơn Dương,0,Teacher682@gmail.com
Bảo Vy Hương Giang,1,Teacher683@gmail.com
Anh Phương Duy Tân,0,Teacher684@gmail.com
Trúc Vy Ðình Nam,0,Teacher685@gmail.com
Thu Hậu Vy Lam,1,Teacher686@gmail.com
Hiếu Giang Yến Hồng,1,Teacher687@gmail.com
Bích Duyên Thăng Long,0,Teacher688@gmail.com
Kim Anh Thành Ân,0,Teacher689@gmail.com
Phương Thùy Hồng Vinh,0,Teacher690@gmail.com
Tú Uyên Nguyên Hồng,1,Teacher691@gmail.com
Tâm Hiền Oanh Vũ,1,Teacher692@gmail.com
Ngọc Tú Hạnh Chi,1,Teacher693@gmail.com
Sơn Ca Ðức Thành,0,Teacher694@gmail.com
Ngọc Diệp Hoàn Vũ,0,Teacher695@gmail.com
Hạnh Nga Thiên Phương,1,Teacher696@gmail.com
Thủy Minh Diệu Nga,1,Teacher697@gmail.com
Diễm Quyên Phượng Vũ,1,Teacher698@gmail.com
Ánh Xuân Tiểu Mi,1,Teacher699@gmail.com
Liễu Oanh Ðình Hợp,0,Teacher700@gmail.com
Yên Ðan Thanh Trang,1,Teacher701@gmail.com
Thu Hiền Bảo Huy,0,Teacher702@gmail.com
Thanh Thư Minh Nhu,0,Teacher703@gmail.com
Hải My Hòa Thái,0,Teacher704@gmail.com
Ái Thy Bích Hợp,1,Teacher705@gmail.com
Kiều Hoa Đăng Khương,0,Teacher706@gmail.com
Hạnh Chi Diễm Lộc,1,Teacher707@gmail.com
Hồng Quế Gia Minh,0,Teacher708@gmail.com
Khánh Huyền Trúc Loan,1,Teacher709@gmail.com
Kỳ Duyên Tuyết Băng,1,Teacher710@gmail.com
Nguyệt Ánh Kiều Trinh,1,Teacher711@gmail.com
Huyền Trân Thu Huệ,1,Teacher712@gmail.com
Mộng Liễu Thái Lan,1,Teacher713@gmail.com
Thúy Ngà Diệu Anh,1,Teacher714@gmail.com
Hiền Nhi Hồng Thủy,1,Teacher715@gmail.com
Phương Diễm Bích Quân,1,Teacher716@gmail.com
Cẩm Tú Minh Tú,0,Teacher717@gmail.com
An Khê Mộc Miên,1,Teacher718@gmail.com
Ánh Dương Thế Lực,0,Teacher719@gmail.com
Tường Chinh Khánh An,0,Teacher720@gmail.com
Diệu Ngọc Xuân Cao,0,Teacher721@gmail.com
Băng Tâm Bích Hải,1,Teacher722@gmail.com
Trúc Phương Mộng Vân,1,Teacher723@gmail.com
Hải Châu Thanh Uyên,1,Teacher724@gmail.com
Bạch Cúc Ban Mai,1,Teacher725@gmail.com
Diệp Anh Cẩm Yến,1,Teacher726@gmail.com
Đan Linh Phương Thi,1,Teacher727@gmail.com
Bích Hảo Thục Khuê,1,Teacher728@gmail.com
Tâm Linh Sơn Hải,0,Teacher729@gmail.com
Tuyết Thanh Kim Thoa,1,Teacher730@gmail.com
Lan Anh An Bình,1,Teacher731@gmail.com
Phương Thảo Ðài Trang,1,Teacher732@gmail.com
Dạ Hương Minh Tuệ,1,Teacher733@gmail.com
Cẩm Liên Thu Ngà,1,Teacher734@gmail.com
Xuân Nương Mỹ Lợi,1,Teacher735@gmail.com
Thanh Mai Cẩm Ly,1,Teacher736@gmail.com
Minh Như Thanh Thúy,1,Teacher737@gmail.com
Sơn Tuyền Việt Chính,0,Teacher738@gmail.com
Thu Huệ Thanh Hoa,1,Teacher739@gmail.com
Thái Tâm Trúc Mai,1,Teacher740@gmail.com
Yến Ðan Xuân Quân,0,Teacher741@gmail.com
Ngọc Quế Thanh Hồng,1,Teacher742@gmail.com
Nguyệt Minh Thông Tuệ,0,Teacher743@gmail.com
Mỹ Tâm Chí Giang,0,Teacher744@gmail.com
Xuân Thanh Minh Đan,1,Teacher745@gmail.com
Hồng Phương Hữu Bảo,0,Teacher746@gmail.com
Diễm Quỳnh Kim Thy,1,Teacher747@gmail.com
Hương Thảo Trường Nhân,0,Teacher748@gmail.com
Linh Nhi Diệu Lan,1,Teacher749@gmail.com
Ngọc Huyền Vĩnh Luân,0,Teacher750@gmail.com
Quỳnh Lâm Thy Oanh,1,Teacher751@gmail.com
Thúy Hiền Tuấn Hùng,0,Teacher752@gmail.com
Kim Chi Việt Dương,0,Teacher753@gmail.com
Lan Khuê Kiên Cường,0,Teacher754@gmail.com
Thư Sương Phi Long,0,Teacher755@gmail.com
Trúc Vân Khánh Nam,0,Teacher756@gmail.com
Tâm Linh Gia Minh,0,Teacher757@gmail.com
Phương Linh Xuân Lạc,0,Teacher758@gmail.com
Hồng Thắm Tiến Hoạt,0,Teacher759@gmail.com
Tú Quỳnh Tường Lâm,0,Teacher760@gmail.com
Uyên Thy Bá Thiện,0,Teacher761@gmail.com
Thúy Vân Hiền Hòa,1,Teacher762@gmail.com
Như Quân Ân Thiện,0,Teacher763@gmail.com
Nhã Ý Bằng Sơn,0,Teacher764@gmail.com
Bảo Lan Lâm Oanh,1,Teacher765@gmail.com
Mộng Nguyệt Thục Uyên,1,Teacher766@gmail.com
Liên Trân Kim Ngọc,1,Teacher767@gmail.com
Ngọc Vân Bảo Quỳnh,1,Teacher768@gmail.com
Thanh Hồng Tùy Linh,1,Teacher769@gmail.com
Tố Loan Tấn Thành,0,Teacher770@gmail.com
Tố Nga Uyên Nhi,1,Teacher771@gmail.com
Dạ Hương Hồng Lâm,1,Teacher772@gmail.com
Xuân Nhi Ngọc Ðào,1,Teacher773@gmail.com
Yến Anh Kim Tuyến,1,Teacher774@gmail.com
Thiên Kim Quý Vĩnh,0,Teacher775@gmail.com
Ðông Trà Huy Vũ,0,Teacher776@gmail.com
Tiên Phương Bình Thuận,0,Teacher777@gmail.com
Việt Tuyết Lan Anh,1,Teacher778@gmail.com
Bích Hồng Phương Quỳnh,1,Teacher779@gmail.com
Thu Hậu Khánh Quyên,1,Teacher780@gmail.com
Cam Thảo Nam Ninh,0,Teacher781@gmail.com
Minh Thảo Ðắc Thành,0,Teacher782@gmail.com
Ðan Thu Hải Nhi,1,Teacher783@gmail.com
Hồng Đăng Hồ Bắc,0,Teacher784@gmail.com
Thiên Lam Hán Lâm,0,Teacher785@gmail.com
Kim Phượng Cẩm Hiền,1,Teacher786@gmail.com
Nhã Lý Duy Minh,0,Teacher787@gmail.com
Mộc Miên Viễn Thông,0,Teacher788@gmail.com
Ngọc Thi Phú Thọ,0,Teacher789@gmail.com
Khánh Giang Ngọc Khanh,1,Teacher790@gmail.com
Mỹ Hoàn Thắng Cảnh,0,Teacher791@gmail.com
Uyên Thơ Ðức Minh,0,Teacher792@gmail.com
Minh Hồng Vân Quyên,1,Teacher793@gmail.com
Xuân Nương Bách Nhân,0,Teacher794@gmail.com
Vành Khuyên Uyển My,1,Teacher795@gmail.com
Diệu Linh Hương Thảo,1,Teacher796@gmail.com
Trúc Ðào Xuân Lan,1,Teacher797@gmail.com
Minh Hồng Thụy Trinh,1,Teacher798@gmail.com
Thu Trang Hải Phượng,1,Teacher799@gmail.com
Tố Loan Thường Xuân,1,Teacher800@gmail.com
Hồ Diệp Trọng Duy,0,Teacher801@gmail.com
Vũ Hồng Cao Sơn,0,Teacher802@gmail.com
Minh Nhi Duy Khiêm,0,Teacher803@gmail.com
Quỳnh Vân Ðình Hợp,0,Teacher804@gmail.com
Mộc Miên Tấn Thành,0,Teacher805@gmail.com
Trâm Oanh Sơn Hà,0,Teacher806@gmail.com
Thanh Trang Yên Bằng,0,Teacher807@gmail.com
Hàm Duyên Bình Hòa,0,Teacher808@gmail.com
Kiều Khanh Linh Hà,1,Teacher809@gmail.com
Như Hảo Nghĩa Dũng,0,Teacher810@gmail.com
Minh Yến Chí Khang,0,Teacher811@gmail.com
Ngọc Hà Mạnh Dũng,0,Teacher812@gmail.com
Uyên Thy Kim Thu,1,Teacher813@gmail.com
Thiên Mỹ Quang Trọng,0,Teacher814@gmail.com
Nghi Minh Đan Thanh,1,Teacher815@gmail.com
Ngọc Cầm Ðình Cường,0,Teacher816@gmail.com
Kim Ngân Bửu Chưởng,0,Teacher817@gmail.com
Hồng Phương Anh Thư,1,Teacher818@gmail.com
Huệ Lan Thụy Du,0,Teacher819@gmail.com
Bạch Yến Anh Khải,0,Teacher820@gmail.com
Minh Hà Uyên Thơ,1,Teacher821@gmail.com
Tuyết Tâm Quỳnh Giang,1,Teacher822@gmail.com
Duyên Hồng Cao Nhân,0,Teacher823@gmail.com
Nguyệt Minh Tuấn Dũng,0,Teacher824@gmail.com
Bạch Quỳnh Thanh Hậu,0,Teacher825@gmail.com
Anh Vũ Thu Liên,1,Teacher826@gmail.com
Thanh Ngọc Anh Tuấn,0,Teacher827@gmail.com
Lam Khê Ðồng Bằng,0,Teacher828@gmail.com
Thục Tâm Mộng Hằng,1,Teacher829@gmail.com
Giao Kiều Tuyết Trinh,1,Teacher830@gmail.com
Vân Phi Nhật Quang,0,Teacher831@gmail.com
Mỹ Duyên Tuấn Anh,0,Teacher832@gmail.com
Yên Đan Xuân Phương,1,Teacher833@gmail.com
Minh Xuân Tiến Hoạt,0,Teacher834@gmail.com
Ngọc Ðàn Thanh Nguyên,1,Teacher835@gmail.com
Triều Nguyệt Kim Xuyến,1,Teacher836@gmail.com
Hoài Thương Thế Huấn,0,Teacher837@gmail.com
Xuân Nhi Tuyết Vân,1,Teacher838@gmail.com
Diệu Hoa Thảo Ly,1,Teacher839@gmail.com
Đoan Trang Phú Thịnh,0,Teacher840@gmail.com
Anh Vũ Minh Hoàng,0,Teacher841@gmail.com
Thu Minh Huy Lĩnh,0,Teacher842@gmail.com
Tâm Trang Nguyên Hạnh,0,Teacher843@gmail.com
Nhật Lệ Bảo Thoa,1,Teacher844@gmail.com
Thu Hậu Thiện Phước,0,Teacher845@gmail.com
Ánh Ngọc Linh Phương,1,Teacher846@gmail.com
Vy Lan Ðình Kim,0,Teacher847@gmail.com
Quỳnh Giao Ánh Lệ,1,Teacher848@gmail.com
Thủy Hồng Huệ An,1,Teacher849@gmail.com
Thái Hà Kiều Diễm,1,Teacher850@gmail.com
Duy Hạnh Xuân Hàm,0,Teacher851@gmail.com
Khánh Vân Vĩnh Toàn,0,Teacher852@gmail.com
Phượng Uyên Bạch Cúc,1,Teacher853@gmail.com
Kiều Nương Phước An,0,Teacher854@gmail.com
Thục Ðào Mộc Miên,1,Teacher855@gmail.com
Mỹ Xuân Quảng Ðại,0,Teacher856@gmail.com
Hạ Vy Cẩm Liên,1,Teacher857@gmail.com
Thanh Huyền Ngọc Quyên,1,Teacher858@gmail.com
Diệu Hồng Duy Bảo,0,Teacher859@gmail.com
Phương Thanh Thanh Huy,0,Teacher860@gmail.com
Ngọc Lâm Ðông Phương,0,Teacher861@gmail.com
Thảo Hương Sơn Hải,0,Teacher862@gmail.com
Hảo Nhi Khánh Thủy,1,Teacher863@gmail.com
Kim Ngọc Kim Cương,1,Teacher864@gmail.com
Ái Nhi Phương Trang,1,Teacher865@gmail.com
Hồng Thúy Ðức Toàn,0,Teacher866@gmail.com
Ngọc Ðàn Uyên Trâm,1,Teacher867@gmail.com
Ngọc Ái Duy Mỹ,1,Teacher868@gmail.com
Ngọc Sương Huy Khiêm,0,Teacher869@gmail.com
Xuân Tâm Tài Ðức,0,Teacher870@gmail.com
Minh Tuệ Ðịnh Siêu,0,Teacher871@gmail.com
Thanh Tuyền Minh Trí,0,Teacher872@gmail.com
Tâm Hiền Ðình Kim,0,Teacher873@gmail.com
Nhã Hương Diệu Hiền,1,Teacher874@gmail.com
Liễu Oanh Huyền Trân,1,Teacher875@gmail.com
Bảo Thoa Trúc Chi,1,Teacher876@gmail.com
Diệu Hoa Kim Ðan,0,Teacher877@gmail.com
Hà Liên Hòa Lạc,0,Teacher878@gmail.com
Hải Ðường Thanh Mẫn,1,Teacher879@gmail.com
Diệu Linh Chiến Thắng,0,Teacher880@gmail.com
Hướng Dương Vân Trang,1,Teacher881@gmail.com
Thanh Nhàn Cường Thịnh,0,Teacher882@gmail.com
Phương Trâm Thanh Thư,1,Teacher883@gmail.com
Thu Hiền Thy Vân,1,Teacher884@gmail.com
Thư Lâm Phong Châu,0,Teacher885@gmail.com
Thủy Hằng Hoàn Vũ,0,Teacher886@gmail.com
Kim Thông Ðại Ngọc,0,Teacher887@gmail.com
Mỹ Uyên Khắc Dũng,0,Teacher888@gmail.com
Thu Phượng Phương Triều,0,Teacher889@gmail.com
Bảo Ngọc Linh Nhi,1,Teacher890@gmail.com
Diễm Khuê Tường Vy,1,Teacher891@gmail.com
Hồng Mai Văn Tuyển,0,Teacher892@gmail.com
Hồng Châu Thiên Mạnh,0,Teacher893@gmail.com
Khánh Hà Hoàng Dũng,0,Teacher894@gmail.com
Kim Oanh Ðại Dương,0,Teacher895@gmail.com
Tú Quỳnh Khắc Ninh,0,Teacher896@gmail.com
Hảo Nhi Tuấn Sỹ,0,Teacher897@gmail.com
Hải Nhi Tuấn Ðức,0,Teacher898@gmail.com
Thảo Tiên Khánh Hội,0,Teacher899@gmail.com
Ngọc Khánh Trung Nhân,0,Teacher900@gmail.com
Dạ Hương Yên Bằng,0,Teacher901@gmail.com
Song Kê Hiếu Dụng,0,Teacher902@gmail.com
Hồng Hạnh Quỳnh Hà,1,Teacher903@gmail.com
Ánh Tuyết Vũ Hồng,1,Teacher904@gmail.com
Thúy Nga Kim Phú,0,Teacher905@gmail.com
Thanh Kiều An Nguyên,0,Teacher906@gmail.com
Mai Khanh Gia Quỳnh,1,Teacher907@gmail.com
Mai Loan Gia Nghị,0,Teacher908@gmail.com
Phi Nhạn Hải Ngân,1,Teacher909@gmail.com
Phi Phượng Minh Vy,1,Teacher910@gmail.com
Hồng Châu Bảo Huỳnh,0,Teacher911@gmail.com
Thiên Thêu Hà Hải,0,Teacher912@gmail.com
Diễm Chi Ðức Duy,0,Teacher913@gmail.com
Ái Linh Nhật Minh,0,Teacher914@gmail.com
Như Ngà Nguyệt Anh,1,Teacher915@gmail.com
Thanh Đan Trọng Nhân,0,Teacher916@gmail.com
Họa Mi Minh Kỳ,0,Teacher917@gmail.com
Thu Phượng Sơn Trang,0,Teacher918@gmail.com
Yên Ðan Hồng Hoa,1,Teacher919@gmail.com
Kiều Loan Quang Ninh,0,Teacher920@gmail.com
Duyên Mỹ Hồng Minh,0,Teacher921@gmail.com
Phương Thùy Giao Linh,1,Teacher922@gmail.com
Mộng Liễu Trường Sơn,0,Teacher923@gmail.com
Lam Hà Mạnh Hùng,0,Teacher924@gmail.com
Thu Việt Kỳ Võ,0,Teacher925@gmail.com
Anh Thư Nguyệt Nga,1,Teacher926@gmail.com
Thu Hiền Trọng Trí,0,Teacher927@gmail.com
Nhật Lệ Uyên Vi,1,Teacher928@gmail.com
Hương Nhi Kim Thu,1,Teacher929@gmail.com
Thư Sương Toàn Thắng,0,Teacher930@gmail.com
Phượng Vũ Như Quân,1,Teacher931@gmail.com
Như Loan Hồng Như,1,Teacher932@gmail.com
Tâm Nguyên Tường Anh,0,Teacher933@gmail.com
Mai Khanh Tuyết Xuân,1,Teacher934@gmail.com
Thái Thanh Minh Khang,0,Teacher935@gmail.com
Thiên Mai Hữu Khang,0,Teacher936@gmail.com
Như Phương Hiếu Hạnh,1,Teacher937@gmail.com
Thy Trúc Hồng Quang,0,Teacher938@gmail.com
Hằng Anh Song Lam,1,Teacher939@gmail.com
Thanh Nhung Thế Doanh,0,Teacher940@gmail.com
Đoan Trang Thiên Kim,1,Teacher941@gmail.com
Hà Giang Phong Ðộ,0,Teacher942@gmail.com
Uyên Minh Thành Tín,0,Teacher943@gmail.com
Ái Khanh Yên Đan,1,Teacher944@gmail.com
Hải Châu Minh Vy,1,Teacher945@gmail.com
Thủy Minh Đan Quỳnh,1,Teacher946@gmail.com
Hoàng Thư Kim Hoa,1,Teacher947@gmail.com
Khánh Quỳnh Minh Tâm,1,Teacher948@gmail.com
Xuân Ngọc Tuyết Thanh,1,Teacher949@gmail.com
Hà Thanh Thu Sinh,0,Teacher950@gmail.com
Kim Xuân Khánh Quyên,1,Teacher951@gmail.com
Hồng Ðiệp Trường Sinh,0,Teacher952@gmail.com
Hồng Linh Minh Hằng,1,Teacher953@gmail.com
Giáng Uyên Tôn Lễ,0,Teacher954@gmail.com
Tâm Ðoan Quốc Thông,0,Teacher955@gmail.com
Thu Trang Ðức Phong,0,Teacher956@gmail.com
Thùy Giang Vạn Lý,0,Teacher957@gmail.com
Ngọc Yến Bảo Long,0,Teacher958@gmail.com
Ngọc Hoàn Đan Tâm,1,Teacher959@gmail.com
Giang Thiên Thế Doanh,0,Teacher960@gmail.com
Ly Châu Minh Giang,0,Teacher961@gmail.com
Thanh Kiều Diễm My,1,Teacher962@gmail.com
Tịnh Yên Ðinh Lộc,0,Teacher963@gmail.com
Ái Thi Thế Dân,0,Teacher964@gmail.com
Hạnh Linh Huy Anh,0,Teacher965@gmail.com
Minh Vy Hạnh Phương,1,Teacher966@gmail.com
Tuyết Nhi Xuân Hiền,1,Teacher967@gmail.com
Thiên Hà Oanh Thơ,1,Teacher968@gmail.com
Thanh Thiên Minh Dân,0,Teacher969@gmail.com
Nhật Phương Nhật Duy,0,Teacher970@gmail.com
Mỹ Kiều Liễu Oanh,1,Teacher971@gmail.com
Tùy Linh Gia Ðức,0,Teacher972@gmail.com
Kim Xuân Hữu Cường,0,Teacher973@gmail.com
Trúc Liên Khánh Ngân,1,Teacher974@gmail.com
Thụy Miên Anh Dũng,0,Teacher975@gmail.com
Sương Sương Kim Hương,1,Teacher976@gmail.com
Thúy Ngân Dân Hiệp,0,Teacher977@gmail.com
Thanh Nhã Phúc Ðiền,0,Teacher978@gmail.com
Trúc Quỳnh Tuấn Sĩ,0,Teacher979@gmail.com
Trúc Quỳnh Nguyên Bảo,0,Teacher980@gmail.com
Đan Thu Hạo Nhiên,0,Teacher981@gmail.com
Ái Linh Linh San,1,Teacher982@gmail.com
Hải Ân Quỳnh Lâm,1,Teacher983@gmail.com
Ngọc Hoàn Hồng Hà,1,Teacher984@gmail.com
Phương Quyên Quang Trọng,0,Teacher985@gmail.com
Yến Hồng Phi Phượng,1,Teacher986@gmail.com
Hoàng Miên Kiều Khanh,1,Teacher987@gmail.com
Linh Trang Ðình Phú,0,Teacher988@gmail.com
Loan Châu An Bình,1,Teacher989@gmail.com
Gia Nhi Đan Thu,1,Teacher990@gmail.com
Kiều Khanh Minh Mẫn,0,Teacher991@gmail.com
Thiên Hương Việt Phong,0,Teacher992@gmail.com
Dã Thảo Hoàng Miên,1,Teacher993@gmail.com
Anh Thy Mỹ Duyên,1,Teacher994@gmail.com
Quỳnh Hương Hạnh Tường,0,Teacher995@gmail.com
Lệ Quyên Hải Ðường,1,Teacher996@gmail.com
Hải Vy Trang Nhã,1,Teacher997@gmail.com
Hồng Xuân Thiếu Mai,1,Teacher998@gmail.com
Kim Xuân Bạch Mai,1,Teacher999@gmail.com
Ðan Quỳnh Hiệp Hào,0,Teacher1000@gmail.com
